page,pageId
ページ,ページID
1,MCN1N772KVDLW
2,MCN1N77QGFBOQ
3,MCN1N78H1U9V6
4,MCN1N78OFW3RF
5,MCN1N79MVTFYH
6,MCN1N79X6JRXC
7,MCN1N7A2N8OVM
8,MCN1N7BK9K5AF
9,MCN1N7BO99A7T
10,MCN1N7YSZFYQB
11,MCN1N7YYUR7L0
12,MCN1N7Z5QD6KE
13,MCN1N7ZAPW59E
14,MCN1N7ZGHKCZT
15,MCN1N7ZLVGDRB
16,MCN1N7ZPBHF1O
17,MCN1N800I1LM8
18,MCN1N8056E9UP
19,MCN1N808E7KFO
20,MCN1N8H6CDRZN
21,MCN1N8HCN8DO7
22,MCN1N8HPTPVK5
23,MCN1N8HTZ01CT
24,MCN1N8HVXR2D6
25,MCN1N8HYNH8OA
26,MCN1N8I4R24VH
27,MCN1N8I7HYPGS
28,MCN1N8IAXO3IO
29,MCN1N8IGS2NO7
30,MCN1N8ZIN20QX
31,MCN1N8ZN1SD7Y
32,MCN1N8ZQV97P6
33,MCN1N90CPMCO6
34,MCN1N90JIY1KL
35,MCN1N90MO8KUF
36,MCN1N90RBF6N9
37,MCN1N90UJXUO0
38,MCN1N90YSZWR7
39,MCN1N9132VPWZ
40,MCN1N9GQA2AZ3
41,MCN1N9GVCJEJR
42,MCN1N9H1YKJ7B
43,MCN1N9H4V2W0W
44,MCN1N9H9E882J
45,MCN1N9HD9LXCS
46,MCN1N9HH7B83W
47,MCN1N9HLDY527
48,MCN1N9HRVQTYW
49,MCN1N9HUU1O5G
50,MCN1N9VU659U2
51,MCN1N9VZJ8O78
52,MCN1N9W242B3J
